{"initial_reset_timestamp": 1603102913.4971077, "timestamps": [1603102913.5560384, 1603102913.6112196, 1603102913.6658227, 1603102913.7209022, 1603102913.776857, 1603102913.8334615, 1603102913.8897119, 1603102913.9448466, 1603102914.0003736, 1603102914.0572457, 1603102914.1123476, 1603102914.1541939, 1603102914.2093265, 1603102914.2640204, 1603102914.3202684, 1603102914.3762906, 1603102914.431573, 1603102914.486794, 1603102914.5438826, 1603102914.598857, 1603102914.6532888, 1603102914.7081459, 1603102914.762851, 1603102914.8200235, 1603102914.8756595, 1603102914.9307458, 1603102914.9862435, 1603102915.0420856, 1603102915.099512, 1603102915.1546466, 1603102915.21026, 1603102915.2649527, 1603102915.320662, 1603102915.3767738, 1603102915.433388, 1603102915.4918664, 1603102915.5531845, 1603102915.6137342, 1603102915.6707497, 1603102915.728398, 1603102915.7857964, 1603102915.8467903, 1603102915.9063613, 1603102915.9656627, 1603102916.0213304, 1603102916.0854855, 1603102916.140384, 1603102916.197219, 1603102916.2542155, 1603102916.3120368, 1603102916.370326, 1603102916.428376, 1603102916.4861531, 1603102916.5444162, 1603102916.603714, 1603102916.6605945, 1603102916.7179942, 1603102916.7751908, 1603102916.8344245, 1603102916.8932934, 1603102916.9506543, 1603102917.0087888, 1603102917.06613, 1603102917.125524, 1603102917.1830845, 1603102917.2400472, 1603102917.297407, 1603102917.3556066, 1603102917.4129376, 1603102917.4704742, 1603102917.528113, 1603102917.5885804, 1603102917.6453362, 1603102917.7027347, 1603102917.7596729, 1603102917.8174148, 1603102917.8773172, 1603102917.934828, 1603102917.9925983, 1603102918.0503573, 1603102918.1103501, 1603102918.1674647, 1603102918.2255456, 1603102918.2829309, 1603102918.3407764, 1603102918.3992019, 1603102918.4566457, 1603102918.5153666, 1603102918.577277, 1603102918.6358666, 1603102918.6912081, 1603102918.75054, 1603102918.8059163, 1603102918.8636181, 1603102918.9195206, 1603102918.9763312, 1603102919.0337112, 1603102919.0914204, 1603102919.1499858, 1603102919.2074025], "episode_lengths": [200, 200, 200, 200, 200, 200, 200, 200, 200, 200, 200, 153, 200, 200, 200, 200, 200, 200, 200, 200, 200, 200, 200, 200, 200, 200, 200, 200, 200, 200, 200, 200, 200, 200, 200, 200, 200, 200, 200, 200, 200, 200, 200, 200, 200, 200, 200, 200, 200, 200, 200, 200, 200, 200, 200, 200, 200, 200, 200, 200, 200, 200, 200, 200, 200, 200, 200, 200, 200, 200, 200, 200, 200, 200, 200, 200, 200, 200, 200, 200, 200, 200, 200, 200, 200, 200, 200, 200, 200, 200, 200, 200, 200, 200, 200, 200, 200, 200, 200, 200], "episode_rewards": [200.0, 200.0, 200.0, 200.0, 200.0, 200.0, 200.0, 200.0, 200.0, 200.0, 200.0, 153.0, 200.0, 200.0, 200.0, 200.0, 200.0, 200.0, 200.0, 200.0, 200.0, 200.0, 200.0, 200.0, 200.0, 200.0, 200.0, 200.0, 200.0, 200.0, 200.0, 200.0, 200.0, 200.0, 200.0, 200.0, 200.0, 200.0, 200.0, 200.0, 200.0, 200.0, 200.0, 200.0, 200.0, 200.0, 200.0, 200.0, 200.0, 200.0, 200.0, 200.0, 200.0, 200.0, 200.0, 200.0, 200.0, 200.0, 200.0, 200.0, 200.0, 200.0, 200.0, 200.0, 200.0, 200.0, 200.0, 200.0, 200.0, 200.0, 200.0, 200.0, 200.0, 200.0, 200.0, 200.0, 200.0, 200.0, 200.0, 200.0, 200.0, 200.0, 200.0, 200.0, 200.0, 200.0, 200.0, 200.0, 200.0, 200.0, 200.0, 200.0, 200.0, 200.0, 200.0, 200.0, 200.0, 200.0, 200.0, 200.0], "episode_types": ["t", "t", "t", "t", "t", "t", "t", "t", "t", "t", "t", "t", "t", "t", "t", "t", "t", "t", "t", "t", "t", "t", "t", "t", "t", "t", "t", "t", "t", "t", "t", "t", "t", "t", "t", "t", "t", "t", "t", "t", "t", "t", "t", "t", "t", "t", "t", "t", "t", "t", "t", "t", "t", "t", "t", "t", "t", "t", "t", "t", "t", "t", "t", "t", "t", "t", "t", "t", "t", "t", "t", "t", "t", "t", "t", "t", "t", "t", "t", "t", "t", "t", "t", "t", "t", "t", "t", "t", "t", "t", "t", "t", "t", "t", "t", "t", "t", "t", "t", "t"]}